Tweets,Time,Engagement,Token,Verification,Bio,Likes,Re-Tweets,Followers,Following,Community
"    ""Today is a new day, full of possibilities. Let’s make it count! ?? #NewBeginnings #PositiveVibes"",",2024-10-22T13:57:04Z,"""Love this! ?? #Inspiration""","clientApplicationId"" : ""3033300"",","""verified"" : {","Tech geek, foodie ??, and traveler ?? | Striving to balance academics and passion ?? | Always chasing my next adventure ? | #StudentVibes #TechLover",1.71E+03,"    ""Retweet if you believe that kindness can change the world. ?? #SpreadLove #KindnessMatters"",",@TheBetterIndia,@thebetterindia,#WritingCommunity
"    ""Surround yourself with people who make you feel like you’re capable of anything. You deserve that energy. ? #Gratitude #GoodVibes"",",2024-10-14T14:13:17Z,"""Totally agree with this! ??""","      ""token"" : ""05ELozm1cjhD9HXR7sOr80rbRLtZsI5JLB55h1dc"",","      ""accountId"" : ""1703633096980180992"",",,1.71E+04,"    ""This right here is what we all need to hear today! ?? #PositiveVibes #BelieveInYourself"",",@indiatimes,@dailyo_in,#BookTwitter
"    ""No matter how small the progress, it's still progress. Keep moving forward! ?? #GrowthMindset #StayMotivated"",",2024-10-05T14:37:38Z,"""This made my day! ??""","      ""createdAt"" : ""2023-09-18T04:52:43.757Z"",","      ""verified"" : false",,1.93E+18,"    ""It’s amazing how a little kindness can go a long way. Let’s keep spreading it! ? #BeKind #LoveInAction"",",@YourStoryCo,@techcrunch_in,#MentalHealthMatters
"    ""The sun is shining, your heart is full, and today is the perfect day to chase your dreams! ???? #ChaseYourDreams #PositiveEnergy"",",2024-09-29T15:28:23Z,"""Such a powerful message! ??""","      ""lastSeenAt"" : ""2023-09-18T04:52:43.759Z"",",,,1.85E+18,"    ""Remember: you’re stronger than you think and capable of more than you know! ?? #Motivation #YouGotThis"",",@BeingIndian,@missmalinitv,#FitFam
"    ""Kindness is free. Sprinkle that stuff everywhere! ?? #SpreadLove #BeKind"",",2024-09-14T15:50:14Z,"""Couldn’t have said it better! ??""","      ""clientApplicationName"" : ""Twitter Web App (Twitter. Inc)""",,,1.63E+18,"    ""Sometimes, the smallest step in the right direction ends up being the biggest step of your life. ?? #KeepGoing #NeverGiveUp"",",@TechInAsiaIN,@being_human,#EdTech
"    ""You’ve got this. Keep believing in yourself, because the best is yet to come. ?? #BelieveInYourself #StayPositive"",",2024-09-01T13:55:34Z,"""This is goals! ??""","""clientApplicationId"" : ""3033300"",",,,1.76E+18,"    ""You are enough, just as you are. ?? #SelfLove #YouAreWorthy"",",@iDivaOfficial,@timesofindia,#TechTwitter
"    ""Life is tough, but so are you. Take a deep breath and keep going. ?? #Strength #YouGotThis"",",2024-08-29T16:23:56Z,"""You’re on fire! ?? Keep it up!""","      ""token"" : ""vlCgIDqjcMFQ1pnK2WqB7qQ22ClS1ppMIYgW4gMR"",",,,1.98E+18,"    ""Don’t wait for the perfect moment, take the moment and make it perfect. ?? #CarpeDiem #LiveYourBestLife"",",@TheQuint,@anandmahindra,#EcoTwitter
"    ""A simple smile can brighten someone's day. Let’s make today a little brighter for someone. ?? #BeTheLight #SpreadJoy"",",2024-08-23T21:12:37Z,"""Absolutely brilliant! ????""","      ""createdAt"" : ""2023-09-23T13:17:36.833Z"",",,,1.55E+18,"    ""The best time to plant a tree was 20 years ago. The second best time is now. ?? #Growth #StartToday"",",@India_News,@kunalb11,#ArtTwitter
"    ""Surround yourself with those who lift you higher, not those who bring you down. You are worthy of happiness! ? #PositiveVibesOnly"",",2024-08-21T14:32:45Z,,"      ""lastSeenAt"" : ""2023-09-23T13:17:36.835Z"",",,,1.87E+18,"    ""Good things come to those who hustle, but the best things come to those who hustle with heart. ?? #StayFocused #HustleWithPurpose"",",@Cricbuzz,@KaranJohar,#WomenInTech
"    ""Every setback is a setup for a comeback. Keep pushing, you’re closer than you think. ?? #NeverGiveUp #KeepGoing"",",2024-08-20T13:43:22Z,,"      ""clientApplicationName"" : ""Twitter Web App (Twitter. Inc)""",,,,"    ""One act of kindness could change someone’s entire day. Let's do this! ?? #KindnessCounts #PositiveEnergy"",",@RediffIndia,@ShashiTharoor,#CryptoTwitter
"    ""If you believe in yourself, you can achieve amazing things. Never underestimate your power. ?? #SelfBelief #YouCanDoIt"",",2024-08-14T14:33:46Z,,"""clientApplicationId"" : ""3033300"",",,,,"    ""Your vibe attracts your tribe. Keep shining and the right people will find you. ? #GoodVibesOnly #FindYourTribe"",",@BharatpeIndia,@neeraj_sir,#FoodieTwitter
"    ""Grateful for the little moments that remind us life is beautiful. ?? #Gratitude #CherishTheMoment"",",2024-08-11T14:50:47Z,,"      ""token"" : ""wL4QSlpWJl8LghJR2K98oX1V7fFEzaNRaniNREkV"",",,,,"    ""No matter where you are in life, there’s always room for more joy, love, and success. Keep growing! ?? #EmbraceTheJourney #KeepGrowing""",@FiiNewsIndia,@bobbydeol,#IndieDev
"    ""Let today be the day you let go of doubt and embrace your full potential. The world needs your light! ?? #BelieveInYourself #ShineBright"",",2024-08-04T13:50:58Z,,"      ""createdAt"" : ""2023-10-06T15:46:01.350Z"",",,,,,@HumansOfBombay,@iitbombay,#TravelTwitter
"    ""Life is a journey, not a destination. Embrace the ups and downs; they make you stronger. ?? #TrustTheProcess #EnjoyTheRide"",",2024-07-28T15:50:31Z,,"      ""lastSeenAt"" : ""2023-10-06T15:46:01.352Z"",",,,,,@factsofindia,@indianexpress,#PhotoOfTheDay
"    ""Find joy in the simple things—coffee, good company, and a moment of peace. ???? #SimpleJoys #GratefulHeart"",",2024-07-22T15:32:52Z,,"      ""clientApplicationName"" : ""Twitter Web App (Twitter. Inc)""",,,,,@bookmyshow,@raviwaran,#PodernFamily
"    ""Be the reason someone believes in kindness today. ?? #BeKind #SpreadLove"",",2024-07-15T13:40:35Z,," ""clientApplicationId"" : ""3033300"",",,,,,@Gaana,@ManishPandey,#StartupTwitter
"    ""You are never too old to set another goal or dream a new dream. Go for it! ?? #DreamBig #NeverStopDreaming"",",2024-07-13T14:03:38Z,,"      ""token"" : ""Agf56r2jlXVE8lRTkzSfOOVSjLVxxFacGLEINcy6"",",,,,,@Zomato,@virendersehwag,#GameDev
"    ""Let go of the things you can't control and focus on what you can change. Peace comes from within. ?? #InnerPeace #LetItGo"",",2024-07-04T23:19:56Z,,"      ""createdAt"" : ""2024-08-31T15:27:34.857Z"",",,,,,@Flipkart,@IndiaToday,#SocialGood
"    ""Good things come to those who don’t give up. Keep pushing—your breakthrough is coming. ??? #Persistence #KeepFighting"",",2024-06-30T13:32:59Z,,"      ""lastSeenAt"" : ""2024-08-31T15:27:34.859Z"",",,,,,@ScoopWhoop,@peddler_hero,#BlackTwitter
"    ""The world is full of kind souls. Today, let’s be one of them. ???? #BeTheGood #KindnessMatters""",2024-06-26T16:51:16Z,,"      ""clientApplicationName"" : ""Twitter Web App (Twitter. Inc)""",,,,,@GoAirlinesIndia,@MadhurBhandarkar,
